2;Super Minds. Workbook 2 with Online Resources;true;1200.0;"701128.jpg";38;
3;Eyes Open. Level 3. Student's Book;true;1350.0;"700890.jpg";38;
4;Advanced Grammar in Use. Book without Answers;true;1850.0;"700673.jpg";38;
5;Английский на каждый день;true;670.0;"698477.jpg";17;
6;English for Everyone. English Vocabulary Builder;true;1980.0;"715802.jpg";5;
7;Cracking GMAT Premium 2020 Edition. 6 Practice Tests;true;3140.0;"724652.jpg";1;
8;Учебник английского языка. Полный курс;true;1000.0;"729944.jpg";36;
9;Английский без страха для тех, кому за...;true;290.0;"720888.jpg";17;
10;Grammarway 2. Teacher's Book. Elementary;true;910.0;"702075.jpg";8;
11;Tree or Three? An elementary pronunciation course;true;1870.0;"701141.jpg";38;
12;Prism Reading. Intro. Student's Book;true;2930.0;"699858.jpg";38;
13;Think. Level 3. B1+. Student's Book;true;1640.0;"701135.jpg";38;
14;Учим английский язык с енотами-полиглотами;true;340.0;"724934.jpg";17;
15;Super Minds. Workbook 1 with Online Resources;true;1230.0;"701125.jpg";38;
16;Говори как английская королева. The Queen's English and how to use it;true;420.0;"699791.jpg";17;
17;Dive in! Blue;true;630.0;"729198.jpg";6;
18;Вся грамматика английского языка в таблицах. Учебное пособие;true;390.0;"716788.jpg";47;
19;New Enterprise A2. Workbook with digibook app;true;1220.0;"701884.jpg";8;
20;Eyes Open Level 1 Student's Book;true;1340.0;"700889.jpg";38;
21;Английский язык. Популярный иллюстрированный самоучитель;true;400.0;"726891.jpg";17;
22;Grammarway 1. Book with Answers. Beginner;true;1270.0;"702074.jpg";8;
23;Business Vocabulary in Use. Advanced. Book with Answers;true;2220.0;"700674.jpg";38;
24;Разговорный английский в диалогах. Учебное пособие;true;1140.0;"730838.jpg";2;
25;Английский без барьеров. For beginners;true;420.0;"722958.jpg";44;
26;Pocket English Grammar (Карманная грамматика английского языка). Справочное пособие;true;390.0;"690825.jpg";49;
27;Evolve. Level 1. Student's Book;false;1840.0;"702640.jpg";38;
28;Реальный English. Как подружиться с грамматикой раз и навсегда;true;690.0;"704508.jpg";29;
29;English Vocabulary in Use. Advanced. Book with Answers;false;1860.0;"700703.jpg";38;
30;Быстрый английский. Тренажер по чтению;true;240.0;"715170.jpg";17;
31;Деловой английский язык. (Бакалавриат и магистратура). Учебное пособие;true;1080.0;"712853.jpg";2;
32;Английский язык. Самые нужные правила;true;180.0;"729858.jpg";17;
33;Legal English. Английский язык для юристов. Учебник;true;2720.0;"707289.jpg";49;
34;OK English! Все правила английского языка с упражнениями;true;370.0;"694544.jpg";17;
35;Dive in! Orange;true;650.0;"729200.jpg";6;
36;Английская грамматика. Просто и понятно: правила, модели, упражнения. Учебное пособие;true;2060.0;"716808.jpg";50;
37;Grammar in Use. Intermediate. Student's Book without Answers;false;1740.0;"700903.jpg";38;
38;Современная английская грамматика в таблицах;true;340.0;"721525.jpg";9;
39;Everyday Vocabulary + Grammar. For Intermediate Students. Учебное пособие;true;1180.0;"722745.jpg";24;
40;English for Everyone. English Idioms;true;2290.0;"715801.jpg";5;
41;Вся грамматика английского языка. Теория и практика;true;410.0;"724335.jpg";17;
42;Говорим по-английски;true;220.0;"706297.jpg";32;
43;Business Vocabulary in Use. Intermediate. Book with Answers and Enhanced ebook;true;2690.0;"700676.jpg";38;
44;Безупречная английская грамматика. Простые правила и увлекательные тесты;true;720.0;"723769.jpg";17;
45;Exam Booster For Advanced Without Ans Key + Audio;true;1300.0;"714676.jpg";38;
46;Grammar in Use. Intermediate. Student's Book with Answers and Interactive eBook;false;2380.0;"700900.jpg";38;
47;Английская грамматика в схемах и таблицах;true;170.0;"713804.jpg";17;
48;Английский язык. Тренажер по чтению;true;170.0;"710082.jpg";17;
49;Английский язык для технических специальностей. Учебное пособие;false;2550.0;"730048.jpg";49;
50;Интенсивный английский 4 в 1: говорим, читаем, пишем, слушаем;true;1840.0;"716807.jpg";50;
51;Английские пословицы и поговорки. Учебное пособие;false;260.0;"714143.jpg";47;
52;Super Minds. Level 3. Workbook with Online Resources;true;1200.0;"701130.jpg";38;
53;Английский язык. Времена глаголов;true;150.0;"710081.jpg";17;
54;Английский курсив: прописи;false;300.0;"715875.jpg";3;
55;Английский язык. Фразовые глаголы;true;160.0;"710083.jpg";17;
56;English for Beginners: Everyday English;true;330.0;"693086.jpg";18;
57;Курс английской разговорной речи. Учебное пособие;true;1790.0;"722820.jpg";50;
58;New Enterprise A2 Student's Book with DigiBooks App;true;1650.0;"701882.jpg";8;
59;Business Vocabulary in Use. Advanced. Book with Answers and Enhanced ebook;true;2840.0;"700675.jpg";38;
60;Prepare. Level 2. Student's Book;false;1780.0;"701088.jpg";38;
61;Your Space Level 2 Student's Book;true;1380.0;"701151.jpg";38;
62;Вся английская грамматика в схемах и таблицах;false;370.0;"729025.jpg";17;
63;Dive in! Green;false;640.0;"729199.jpg";6;
64;English Grammar Today Book with Workbook;false;4110.0;"700707.jpg";38;
65;Разговорная грамматика английского языка;true;360.0;"725306.jpg";17;
66;Think. Level 3. B1+. Workbook with Online Practice;true;1140.0;"701138.jpg";38;
67;Английский язык за 3 месяца. Быстрый восстановитель знаний;true;270.0;"714131.jpg";17;
68;Prepare. Level 4. B1. Student's Book;true;1810.0;"701097.jpg";38;
69;Английский язык. Идиомы (полезные карточки);true;140.0;"729857.jpg";17;
70;Английский язык. Все времена и глаголы в схемах и таблицах;true;350.0;"729495.jpg";17;
71;Английский с нуля. Учебное пособие;true;1840.0;"716806.jpg";50;
72;English Vocabulary in Use. Elementary. Book with Answers and Enhanced eBook;true;2380.0;"700704.jpg";38;
73;Каллиграфия. Английский курсив. Самоучитель;false;270.0;"721737.jpg";3;
74;Ship or Sheep? An intermediate pronunciation course;true;2210.0;"701112.jpg";38;
75;Eyes Open. Level 3. Workbook with Online Practice;true;1110.0;"700891.jpg";38;
76;New Enterprise A2 - Grammar Book (with Digibooks App);true;1250.0;"701883.jpg";8;
77;Cracking the GRE Premium Edition with 6 Practice Tests, 2020;true;3110.0;"730252.jpg";1;
78;Prepare. Level 5. B1. Student's Book;true;1790.0;"701098.jpg";38;
79;Английский язык для менеджеров. Учебное пособие;true;1280.0;"693032.jpg";50;
80;Учебник английского языка. Часть 2;true;690.0;"717996.jpg";36;
81;Быстрый английский для начинающих;true;230.0;"714137.jpg";17;
82;Prepare. Level 3. A2. Student's Book;true;1810.0;"701094.jpg";38;
83;Тренажер по чтению. Самый быстрый способ выучить английский язык;false;120.0;"718058.jpg";17;
84;English Vocabulary in Use. Upper-Intermediate. Book with Answers;true;1890.0;"700705.jpg";38;
85;Professional English for PR Students: People and Society;true;780.0;"716803.jpg";50;
86;Английский язык. Идиомы;true;130.0;"713805.jpg";17;
87;Elementary Vocabulary + Grammar. Foe Beginners and Pre-Intermediate Students. Учебное пособие;false;960.0;"731489.jpg";24;
88;Самый быстрый способ выучить неправильные английские глаголы;true;70.0;"718057.jpg";17;
89;English Grammar in Use. Book without Answers;false;1760.0;"700691.jpg";38;
90;Английская грамматика. Самое важное. Учебное пособие (мини);true;80.0;"726085.jpg";7;
91;Grammar in Use Intermediate Student's Book with Answers Self-study Reference and Practice;true;1950.0;"700901.jpg";38;
92;English Grammar in Use. Book with Answers;true;1950.0;"700689.jpg";38;
93;Английский для малышей и мам @my_english_baby. Как воспитать билингвального ребенка;true;390.0;"718408.jpg";17;
94;Грамматический профиль. Grammar Profile. Учебное пособие;false;450.0;"710904.jpg";47;
95;Английский язык на пальцах;false;360.0;"712495.jpg";17;
96;Prepare. Level 2. A2. Workbook with Audio Download;true;1340.0;"701093.jpg";38;
97;Учебник английского языка. Часть 1;true;710.0;"713136.jpg";36;
98;Грамматика английского языка. Просто и доступно. Учебное пособие;false;450.0;"696499.jpg";47;
99;Безупречный английский. Самоучитель для начинающих;true;680.0;"727495.jpg";17;
100;Your Space. Level 1. Student's Book;true;1370.0;"701149.jpg";38;
1;Super Minds. Level 4. Workbook with Online Resources;false;1210.0;"701132.jpg";38;
